PersonID,SSN,FirstName,LastName,MiddleName,Age,Gender
1,542145,Paula,Patton,Brian,19,Female
2,542146,Amy,Acker,Walt,20,Male
3,542147,Keri,Hilson,Lisa,21,Female
4,542148,Adan,Canto,Nick,22,Female
5,542149,Frankie,Muniz,Eddie,23,Female
6,542150,Jessica,Paré,Katherine,24,Male
7,542151,Ross,Bagley,Evan,25,Male
8,542152,Brian,Backer,Margot,26,Male
9,542153,Walt,Disney,Amy,27,Male
10,542154,Lisa,Marie,Keri,28,Male
11,542155,Nick,Stahl,Adan,29,Male
12,542156,Kali,Rocha,Keri,30,Male
13,542157,Gabriel,Luna,Adan,31,Female
14,542158,Alison,Sudol,Frankie,32,Female
15,542159,Eddie,Redmayne,Jessica,33,Female
16,542160,Katherine,Waterston,Ross,34,Female
17,542161,Evan,Wood,Brian,35,Female
18,542162,Margot,Robbie,Walt,36,Female
19,542163,Ezra,Miller,Lisa,37,Male
20,542164,Lisa,Masters,Walt,38,Male
21,542165,Katherine,Heigl,Lisa,39,Male
22,542166,Josh,Duhamel,Nick,40,Female
23,542167,Josh,Lucas,Kali,41,Female
24,542168,Alexis,Clagett,Gabriel,42,Female
25,542169,Richard,Gere,Alison,43,Female
26,542170,Julia,Roberts,Evan,44,Female
27,542171,Garry,Marshall,Margot,45,Female
28,542172,Zac,Efron,Ezra,46,Female
29,542173,Taylor,Schilling,Lisa,47,Male
30,542174,Scott,Hicks,Katherine,48,Male
31,542175,Julianne,Hough,Josh,49,Male
32,542176,Megan,McIver,Josh,50,Male
33,542177,Dana,Stevens,Josh,51,Male
34,542178,Nicholas,Sparks,Alexis,52,Female
35,542179,Shane,West,Richard,53,Female
36,542180,Mandy,Moore,Julia,54,Female
37,542181,Michelle,Monaghan,Garry,55,Female
38,542182,James,Marsden,Zac,56,Female
39,542183,Will,Fetters,Lisa,57,Female
40,542184,Michael,Hoffman,Katherine,58,Male
41,542185,Hugh,Grant,Josh,59,Male
42,542186,Marc,Lawrence,Josh,60,Male
43,542187,Robert,Luketic,Alexis,61,Male
44,542188,Gerard,Butler,Richard,62,Female
45,542189,Judd,Apatow,Julia,63,Female
46,542190,Seth,Rogen,Garry,64,Female
47,542191,Adam,Sandler,Zac,65,Female
48,542192,Drew,Barrymore,Taylor,66,Female
49,542193,Peter,Segal,Scott,67,Female
50,542194,Rob,Schneider,Julianne,68,Female
